Query,Match,HMDB,PubChem,ChEBI,KEGG,METLIN,SMILES,Comment
Glyoxylic acid,Glyoxylic acid,HMDB0000119,760,16891,C00048,3213,OC(=O)C=O,1
Pyruvic acid,Pyruvic acid,HMDB0000243,1060,32816,C00022,117,CC(=O)C(=O)O,1
Lactic acid,L-Lactic acid,HMDB0000190,107689,422,C00186,5205,C[C@H](O)C(O)=O,1
Caproic acid,Caproic acid,HMDB0000535,8892,30776,C01585,5520,CCCCCC(=O)O,1
Glycolic acid,Glycolic acid,HMDB0000115,757,17497,C03547,3219,OCC(O)=O,1
Alanine,L-Alanine,HMDB0000161,5950,16977,C00041,NA,C[C@H](N)C(O)=O,1
Hydroxylamine,Hydroxylamine,HMDB0003338,787,15429,C00192,6894,NO,1
Glycine,Glycine,HMDB0000123,750,15428,C00037,20,NCC(O)=O,1
Oxalic acid,Oxalic acid,HMDB0002329,971,16995,C00209,113,OC(=O)C(O)=O,1
3-Hydroxypropionic acid,Hydroxypropionic acid,HMDB0000700,68152,33404,C01013,5668,OCCC(O)=O,1
2-Aminoisobutyric acid,2-Aminoisobutyric acid,HMDB0001906,6119,27971,C03665,37,CC(C)(N)C(=O)O,1
3-Hydroxybutyric acid,3-Hydroxybutyric acid,HMDB0000357,441,20067,C01089,125,CC(O)CC(O)=O,1
2-Aminobutyric acid,L-Alpha-aminobutyric acid,HMDB0000452,80283,35619,C02356,12,CC[C@@H](C(=O)O)N,1
3-Aminopropanoic acid,beta-Alanine,HMDB0000056,239,16958,C00099,5119,NCCC(O)=O,1
Valine,L-Valine,HMDB0000883,6287,16414,C00183,5842,CC(C)[C@H](N)C(O)=O,1
Urea,Urea,HMDB0000294,1176,16199,C00086,6,NC(N)=O,1
Serine,Serine,HMDB0062263,5951,17822,C00716,5203,N[C@@H](CO)C(O)=O,1
Benzoic acid,Benzoic acid,HMDB0001870,243,30746,C00539,1297,OC(=O)C1=CC=CC=C1,1
2-Aminoethanol,Ethanolamine,HMDB0000149,700,16000,C00189,3207,NCCO,1
Glycerol,Glycerol,HMDB0000131,753,17754,C00116,105,OCC(O)CO,1
Octanoic acid,octanoate radical,HMDB0062511,379,28837,C06423,5469,CCCCCCCC(O)=O,1
Leucine,L-Leucine,HMDB0000687,6106,15603,C00123,24,CC(C)C[C@H](N)C(O)=O,1
Phosphoric acid,Phosphoric acid,HMDB0002142,57424078,26078,C00009,NA,OP(O)(O)=O,1
Isoleucine,L-Isoleucine,HMDB0000172,6306,17191,C00407,5193,CC[C@H](C)[C@@H](C(=O)O)N,1
Proline,L-Proline,HMDB0000162,145742,17203,C00148,29,OC(=O)[C@@H]1CCCN1,1
Maleic acid,Maleic acid,HMDB0000176,444266,18300,C01384,4198,OC(=O)\C=C/C(O)=O,1
Nicotinic acid,Nicotinic acid,HMDB0001488,938,15940,C00253,6272,OC(=O)C1=CN=CC=C1,1
Succinic acid,Succinic acid,HMDB0000254,1110,15741,C00042,114,O=C(O)CCC(=O)O,1
Glyceric acid,Glyceric acid,HMDB0000139,439194,32398,C00258,280,OC[C@@H](O)C(O)=O,1
Uracil,Uracil,HMDB0000300,1174,17568,C00106,258,O=C1NC=CC(=O)N1,1
Fumaric acid,Fumaric acid,HMDB0000134,444972,18012,C00122,3242,OC(=O)\C=C\C(O)=O,1
Nonanoic acid,Pelargonic acid,HMDB0000847,8158,29019,C01601,5810,CCCCCCCCC(=O)O,1
Threonine,L-Threonine,HMDB0000167,6288,16857,C00188,32,C[C@@H](O)[C@H](N)C(O)=O,1
Glutaric acid,Glutaric acid,HMDB0000661,743,17859,C00489,3254,OC(=O)CCCC(O)=O,1
Decanoic acid,Capric acid,HMDB0000511,2969,30813,C01571,336,CCCCCCCCCC(=O)O,1
Citramalic acid,Citramalic acid,HMDB0000426,441696,15584,C00815,5415,CC(CC(=O)O)(C(=O)O)O,1
Malic acid,Malic acid,HMDB0000744,525,6650,C03668,118,OC(CC(O)=O)C(O)=O,1
Niacinamide,Niacinamide,HMDB0001406,936,17154,C00153,1497,NC(=O)C1=CC=CN=C1,1
Adipic acid,Adipic acid,HMDB0000448,196,30832,C06104,115,C(CCC(=O)O)CC(=O)O,1
Aspartic acid,L-Aspartic acid,HMDB0000191,5960,17053,C00049,5206,N[C@@H](CC(O)=O)C(O)=O,1
3-Aminoglutaric acid,NA,NA,NA,NA,C05574,NA,NA,manual
4-Hydroxyproline,4-Hydroxyproline,HMDB0000725,5810,18095,C01157,257,O[C@H]1CN[C@@H](C1)C(O)=O,1
Methionine,L-Methionine,HMDB0000696,6137,16643,C00073,5664,CSCC[C@H](N)C(O)=O,1
5-Oxoproline,Pyroglutamic acid,HMDB0000267,7405,18183,C01879,3251,OC(=O)[C@@H]1CCC(=O)N1,1
Cytosine,Cytosine,HMDB0000630,597,16040,C00380,283,NC1=CC=NC(=O)N1,1
Threonic acid,Threonic acid,HMDB0000943,151152,49059,C01620,5891,C([C@H]([C@@H](C(=O)O)O)O)O,1
Cysteine,L-Cysteine,HMDB0000574,5862,17561,C00097,5556,N[C@@H](CS)C(O)=O,1
Creatinine,Creatinine,HMDB0000562,588,16737,C00791,8,CN1CC(=O)NC1=N,1
2-Hydroxyglutaric acid,2-hydroxyglutaric acid,HMDB0059655,43,17084,C02630,NA,OC(CCC(O)=O)C(O)=O,1
3-Hydroxyglutaric acid,3-Hydroxyglutaric acid,HMDB0000428,181976,NA,NA,5417,OC(CC(O)=O)CC(O)=O,1
2-Isopropylmalic acid,2-Isopropylmalic acid,HMDB0000402,5280523,35128,C02504,339,CC(C)[C@@](CC(=O)O)(C(=O)O)O,1
2-Ketoglutaric acid,Oxoglutaric acid,HMDB0000208,51,30915,C00026,5218,OC(=O)CCC(=O)C(O)=O,1
Hypotaurine,Hypotaurine,HMDB0000965,107812,16668,C00519,281,NCCS(O)=O,1
Ornithine,Ornithine,HMDB0000214,6262,15729,C00077,27,NCCC[C@H](N)C(O)=O,1
Glutamic acid,L-Glutamic acid,HMDB0000148,33032,16015,C00025,5174,N[C@@H](CCC(O)=O)C(O)=O,1
Triethanolamine,Triethanolamine,HMDB0032538,7618,28621,C06771,NA,OCCN(CCO)CCO,1
5-Aminovaleric acid,5-Aminopentanoic acid,HMDB0003355,138,15887,C00431,6902,NCCCCC(=O)O,1
Phenylalanine,L-Phenylalanine,HMDB0000159,6140,17295,C00079,28,N[C@@H](CC1=CC=CC=C1)C(O)=O,1
Lauric acid,Dodecanoic acid,HMDB0000638,3893,30805,C02679,5611,CCCCCCCCCCCC(=O)O,1
Asparagine,L-Asparagine,HMDB0000168,6267,17196,C00152,14,N[C@@H](CC(N)=O)C(O)=O,1
Ribonolactone,Ribonolactone,HMDB0001900,111064,74168,C02674,6380,OC[C@H]1OC(=O)[C@H](O)[C@@H]1O,1
1-6 Anhydroglucose,Levoglucosan,HMDB0000640,2724705,30997,NA,5613,[H][C@@]12OC[C@@H](O1)[C@@H](O)[C@H](O)[C@H]2O,1
2-Aminoadipic acid,Aminoadipic acid,HMDB0000510,469,37024,C00956,5496,NC(CCCC(=O)O)C(=O)O,1
Glutamine,L-Glutamine,HMDB0000641,5961,18050,C00064,5614,N[C@@H](CCC(N)=O)C(O)=O,1
Putrescine,Putrescine,HMDB0001414,1045,17148,C00134,3226,NCCCCN,1
Glycerol 3 phosphate,Glycerol 3-phosphate,HMDB0000126,439162,15978,C00093,5161,C([C@H](COP(=O)(O)O)O)O,1
Dihydroxyacetone phosphate,Dihydroxyacetone phosphate,HMDB0001473,668,16108,C00111,6262,OCC(=O)COP(O)(O)=O,1
2-Deoxy glucose,2-Deoxyglucose,HMDB0062477,108223,15866,NA,NA,OC[C@@H](O)[C@@H](O)[C@H](O)CC=O,1
Glycyl Glycine,Glycyl-glycine,HMDB0011733,11163,17201,C02037,NA,NCC(=O)NCC(O)=O,1
2-Aminopimelic acid,2-Aminoheptanedioic acid,HMDB0034252,101122,64305,NA,NA,NC(CCCCC(O)=O)C(O)=O,1
Citric acid,Citric acid,HMDB0000094,311,30769,C00158,124,OC(=O)CC(O)(CC(O)=O)C(O)=O,1
Arginine,L-Arginine,HMDB0000517,6322,16467,C00062,5502,N[C@@H](CCCNC(N)=N)C(O)=O,1
Cadaverine,Cadaverine,HMDB0002322,273,18127,C01672,3236,NCCCCCN,1
Psicose,Psicose,NA,90008,NA,NA,NA,NA,1
Tagatose,D-Fructose,HMDB0000660,439709,28645,C02336,135,OC[C@H]1O[C@](O)(CO)[C@@H](O)[C@@H]1O,1
Methionine sulfone,Methionine sulfone,NA,445282,NA,NA,NA,NA,1
Sorbose,Sorbose,NA,6904,NA,NA,NA,NA,1
Fructose,D-Fructose,HMDB0000660,439709,28645,C02336,135,OC[C@H]1O[C@](O)(CO)[C@@H](O)[C@@H]1O,1
Myristic acid,Myristic acid,HMDB0000806,11005,28875,C06424,196,CCCCCCCCCCCCCC(=O)O,1
Mannose,D-Mannose,HMDB0000169,18950,4208,C00936,NA,OC[C@H]1O[C@H](O)[C@@H](O)[C@@H](O)[C@@H]1O,1
Galactose,D-Galactose,HMDB0000143,439357,28061,C00984,134,OC[C@H]1O[C@H](O)[C@H](O)[C@@H](O)[C@H]1O,1
Glucose,D-Glucose,HMDB0000122,5793,4167,C00221,133,OC[C@H]1O[C@@H](O)[C@H](O)[C@@H](O)[C@@H]1O,1
Allose,Allose,HMDB0001151,12285879,37741,C01487,348,[H][C@@]1(CO)OC(O)[C@@]([H])(O)[C@@]([H])(O)[C@@]1([H])O,1
Adenine,Adenine,HMDB0000034,190,16708,C00147,85,NC1=C2NC=NC2=NC=N1,1
Mannitol,Mannitol,HMDB0000765,6251,16899,C00392,142,OC[C@@H](O)[C@@H](O)[C@H](O)[C@H](O)CO,1
Sorbitol,Sorbitol,HMDB0000247,5780,17924,C00794,143,OC[C@H](O)[C@@H](O)[C@H](O)[C@H](O)CO,1
Lysine,L-Lysine,HMDB0000182,5962,18019,C00047,5200,NCCCC[C@H](N)C(O)=O,1
Tyramine,Tyramine,HMDB0000306,5610,15760,C00483,60,NCCC1=CC=C(O)C=C1,1
Ureidosuccinic acid,Ureidosuccinic acid,HMDB0000828,93072,15859,C00438,5791,NC(=O)N[C@@H](CC(O)=O)C(O)=O,1
Tyrosine,L-Tyrosine,HMDB0000158,6057,17895,C00082,34,N[C@@H](CC1=CC=C(O)C=C1)C(O)=O,1
1-Hexadecanol,1-Hexadecanol,HMDB0003424,2682,16125,C00823,6927,CCCCCCCCCCCCCCCCO,1
Palmitoleic acid,Palmitoleic acid,HMDB0003229,5312427,28716,C08362,188,CCCCCC/C=C\CCCCCCCC(=O)O,1
Palmitic acid,Palmitic acid,HMDB0000220,985,15756,C00249,187,CCCCCCCCCCCCCCCC(=O)O,1
Inositol,myo-Inositol,HMDB0000211,NA,17268,C00137,5221,O[C@H]1[C@H](O)[C@@H](O)[C@H](O)[C@H](O)[C@@H]1O,1
Margaric acid,Heptadecanoic acid,HMDB0002259,10465,32365,NA,6578,CCCCCCCCCCCCCCCCC(=O)O,1
Octadecanol,Octadecanol,HMDB0002350,8221,32154,D01924,6640,CCCCCCCCCCCCCCCCCCO,1
Cystathionine,L-Cystathionine,HMDB0000099,439258,17482,C02291,39,N[C@@H](CCSC[C@H](N)C(O)=O)C(O)=O,1
Linoleic acid,Linoleic acid,HMDB0000673,5280450,17351,C01595,191,CCCCC/C=C\C/C=C\CCCCCCCC(=O)O,1
Oleic acid,Oleic acid,HMDB0000207,445639,16196,C00712,190,CCCCCCCC/C=C\CCCCCCCC(=O)O,1
Elaidic acid,Elaidic acid,HMDB0000573,637517,27997,C01712,3406,CCCCCCCC/C=C\CCCCCCCC(=O)O,1
Spermidine,Spermidine,HMDB0001257,1102,16610,C00315,254,NCCCCNCCCN,1
Stearic acid,Stearic acid,HMDB0000827,5281,28842,C01530,189,CCCCCCCCCCCCCCCCCC(=O)O,1
Oleamide,Oleamide,HMDB0002117,5283387,116314,C19670,NA,CCCCCCCC/C=C\CCCCCCCC(=O)N,1
Sucrose,Sucrose,HMDB0000258,5988,17992,C00089,137,OC[C@H]1O[C@@](CO)(O[C@H]2O[C@H](CO)[C@@H](O)[C@H](O)[C@H]2O)[C@@H](O)[C@@H]1O,1
Docosapentaenoic acid,Docosapentaenoic acid,HMDB0006528,5497182,53488,C16513,194,CC/C=C\C/C=C\C/C=C\C/C=C\C/C=C\CCCCCC(=O)O,1
